split,array_index,ecg_id,patient_id,filename_lr,fs,saved_shape,raw_shape,exact_match,max_abs_diff,mean_abs_diff
train,0,1,15709,records100/00000/00001_lr,100.0,"(1000, 12)","(1000, 12)",True,0.0,0.0
train,1898,2571,12335,records100/02000/02571_lr,100.0,"(1000, 12)","(1000, 12)",True,0.0,0.0
train,3796,5091,7399,records100/05000/05091_lr,100.0,"(1000, 12)","(1000, 12)",True,0.0,0.0
train,5694,7495,10548,records100/07000/07495_lr,100.0,"(1000, 12)","(1000, 12)",True,0.0,0.0
train,7592,9907,15424,records100/09000/09907_lr,100.0,"(1000, 12)","(1000, 12)",True,0.0,0.0
train,9490,12386,13538,records100/12000/12386_lr,100.0,"(1000, 12)","(1000, 12)",True,0.0,0.0
train,11388,14774,9923,records100/14000/14774_lr,100.0,"(1000, 12)","(1000, 12)",True,0.0,0.0
train,13286,17177,17835,records100/17000/17177_lr,100.0,"(1000, 12)","(1000, 12)",True,0.0,0.0
train,15184,19591,9655,records100/19000/19591_lr,100.0,"(1000, 12)","(1000, 12)",True,0.0,0.0
train,17083,21836,8873,records100/21000/21836_lr,100.0,"(1000, 12)","(1000, 12)",True,0.0,0.0
val,0,8,11275,records100/00000/00008_lr,100.0,"(1000, 12)","(1000, 12)",True,0.0,0.0
val,238,2089,1651,records100/02000/02089_lr,100.0,"(1000, 12)","(1000, 12)",True,0.0,0.0
val,476,3939,12807,records100/03000/03939_lr,100.0,"(1000, 12)","(1000, 12)",True,0.0,0.0
val,715,6255,8492,records100/06000/06255_lr,100.0,"(1000, 12)","(1000, 12)",True,0.0,0.0
val,953,8684,19514,records100/08000/08684_lr,100.0,"(1000, 12)","(1000, 12)",True,0.0,0.0
val,1191,10919,20855,records100/10000/10919_lr,100.0,"(1000, 12)","(1000, 12)",True,0.0,0.0
val,1430,13514,12068,records100/13000/13514_lr,100.0,"(1000, 12)","(1000, 12)",True,0.0,0.0
val,1668,15905,7434,records100/15000/15905_lr,100.0,"(1000, 12)","(1000, 12)",True,0.0,0.0
val,1906,18448,16258,records100/18000/18448_lr,100.0,"(1000, 12)","(1000, 12)",True,0.0,0.0
val,2145,21837,11744,records100/21000/21837_lr,100.0,"(1000, 12)","(1000, 12)",True,0.0,0.0
test,0,9,18792,records100/00000/00009_lr,100.0,"(1000, 12)","(1000, 12)",True,0.0,0.0
test,239,1933,3173,records100/01000/01933_lr,100.0,"(1000, 12)","(1000, 12)",True,0.0,0.0
test,479,3756,7478,records100/03000/03756_lr,100.0,"(1000, 12)","(1000, 12)",True,0.0,0.0
test,719,6050,859,records100/06000/06050_lr,100.0,"(1000, 12)","(1000, 12)",True,0.0,0.0
test,958,8492,17332,records100/08000/08492_lr,100.0,"(1000, 12)","(1000, 12)",True,0.0,0.0
test,1198,10990,1122,records100/10000/10990_lr,100.0,"(1000, 12)","(1000, 12)",True,0.0,0.0
test,1438,13370,12465,records100/13000/13370_lr,100.0,"(1000, 12)","(1000, 12)",True,0.0,0.0
test,1677,16046,14193,records100/16000/16046_lr,100.0,"(1000, 12)","(1000, 12)",True,0.0,0.0
test,1917,18548,9407,records100/18000/18548_lr,100.0,"(1000, 12)","(1000, 12)",True,0.0,0.0
test,2157,21826,9178,records100/21000/21826_lr,100.0,"(1000, 12)","(1000, 12)",True,0.0,0.0
